model,sharpe_ratio,sortino_ratio,calmar_ratio,max_drawdown,win_rate,profit_factor,total_return,volatility,rmse,direction_accuracy
lasso,-3.78317591539895,-3.2247279715660477,-0.3051930577715987,-0.9998080788719992,0.6637298091042585,0.4557746592987352,-0.9926923436939323,0.10010550757365905,0.022975216105341183,0.5389133627019089
ridge,-6.937476342877973,-6.651815072547661,-0.9736442669789896,-1.0,0.32481644640234947,0.16100595942498444,-1.0,0.5038758845828569,0.04167139798520199,0.4390602055800294
xgboost,-10.306638792457699,-12.869522320506952,-0.9741742610931396,-1.0,0.2637298091042584,0.16945645213127136,-1.0,0.348155068931633,0.03423436241845068,0.4422907488986784
lightgbm,-10.562044561941683,-14.734106655820252,-0.9351229354526336,-1.0,0.2540381791483113,0.17990307045387716,-0.9999999999999999,0.25632987341337166,0.02964454891695419,0.4384728340675477
catboost,-10.791572065987955,-13.995794363542702,-0.9358872824583654,-1.0,0.2895741556534508,0.16644420846427418,-0.9999999999999999,0.2520492169111371,0.02984832036872976,0.44669603524229073
extratrees,-14.704167679068437,-18.418271598584354,-0.9817435585092431,-1.0,0.2064610866372981,0.07927697340924712,-1.0,0.26896200703280293,0.03296916202741727,0.41468428781204114
randomforest,-15.211679688790012,-17.599441492447777,-0.9915222377703435,-1.0,0.16211453744493393,0.06094414846346847,-1.0,0.3087575203396109,0.03571247647718987,0.41468428781204114
