{
  "experiment_date": "2026-04-11T19:31:34.936596",
  "best_model": "lasso",
  "best_sharpe": -3.78315964289501,
  "best_sortino": -3.224718317745466,
  "best_win_rate": 0.6637298091042585,
  "total_models_tested": 7,
  "backtest_folds": 5,
  "top_3_models": [
    "lasso",
    "ridge",
    "lightgbm"
  ]
}