{
  "catboost": {
    "regression": {
      "rmse": 0.02984832036872976,
      "mae": 0.02319209202365087,
      "r2": -0.8863572686094454,
      "direction_accuracy": 0.44669603524229073
    },
    "financial": {
      "model": "catboost",
      "sharpe_ratio": -10.791572065987955,
      "sortino_ratio": -13.995794363542702,
      "calmar_ratio": -0.9358872824583654,
      "max_drawdown": -1.0,
      "win_rate": 0.2895741556534508,
      "profit_factor": 0.16644420846427418,
      "avg_return": -0.010714314636795098,
      "volatility": 0.2520492169111371,
      "total_return": -0.9999999999999999
    }
  },
  "extratrees": {
    "regression": {
      "rmse": 0.03296916202741727,
      "mae": 0.02629757905333345,
      "r2": -1.3014416729294886,
      "direction_accuracy": 0.41468428781204114
    },
    "financial": {
      "model": "extratrees",
      "sharpe_ratio": -14.704167679068437,
      "sortino_ratio": -18.418271598584354,
      "calmar_ratio": -0.9817435585092431,
      "max_drawdown": -1.0,
      "win_rate": 0.2064610866372981,
      "profit_factor": 0.07927697340924712,
      "avg_return": -0.015614533534559992,
      "volatility": 0.26896200703280293,
      "total_return": -1.0
    }
  },
  "lasso": {
    "regression": {
      "rmse": 0.022975216105341183,
      "mae": 0.016615141828091085,
      "r2": -0.11764367604075598,
      "direction_accuracy": 0.5389133627019089
    },
    "financial": {
      "model": "lasso",
      "sharpe_ratio": -3.78317591539895,
      "sortino_ratio": -3.2247279715660477,
      "calmar_ratio": -0.3051930577715987,
      "max_drawdown": -0.9998080788719992,
      "win_rate": 0.6637298091042585,
      "profit_factor": 0.4557746592987352,
      "avg_return": -0.0014234791478232303,
      "volatility": 0.10010550757365905,
      "total_return": -0.9926923436939323
    }
  },
  "lightgbm": {
    "regression": {
      "rmse": 0.02964454891695419,
      "mae": 0.023305782954691618,
      "r2": -0.8606892462088755,
      "direction_accuracy": 0.4384728340675477
    },
    "financial": {
      "model": "lightgbm",
      "sharpe_ratio": -10.562044561941683,
      "sortino_ratio": -14.734106655820252,
      "calmar_ratio": -0.9351229354526336,
      "max_drawdown": -1.0,
      "win_rate": 0.2540381791483113,
      "profit_factor": 0.17990307045387716,
      "avg_return": -0.010664156926781358,
      "volatility": 0.25632987341337166,
      "total_return": -0.9999999999999999
    }
  },
  "randomforest": {
    "regression": {
      "rmse": 0.03571247647718987,
      "mae": 0.028283924605510193,
      "r2": -1.700375068342419,
      "direction_accuracy": 0.41468428781204114
    },
    "financial": {
      "model": "randomforest",
      "sharpe_ratio": -15.211679688790012,
      "sortino_ratio": -17.599441492447777,
      "calmar_ratio": -0.9915222377703435,
      "max_drawdown": -1.0,
      "win_rate": 0.16211453744493393,
      "profit_factor": 0.06094414846346847,
      "avg_return": -0.018558414686155666,
      "volatility": 0.3087575203396109,
      "total_return": -1.0
    }
  },
  "ridge": {
    "regression": {
      "rmse": 0.04167139798520199,
      "mae": 0.02834923899461241,
      "r2": -2.6767177832081868,
      "direction_accuracy": 0.4390602055800294
    },
    "financial": {
      "model": "ridge",
      "sharpe_ratio": -6.937476342877973,
      "sortino_ratio": -6.651815072547661,
      "calmar_ratio": -0.9736442669789896,
      "max_drawdown": -1.0,
      "win_rate": 0.32481644640234947,
      "profit_factor": 0.16100595942498444,
      "avg_return": -0.013792170750159849,
      "volatility": 0.5038758845828569,
      "total_return": -1.0
    }
  },
  "xgboost": {
    "regression": {
      "rmse": 0.03423436241845068,
      "mae": 0.0267391632011306,
      "r2": -1.4814677933047515,
      "direction_accuracy": 0.4422907488986784
    },
    "financial": {
      "model": "xgboost",
      "sharpe_ratio": -10.306638792457699,
      "sortino_ratio": -12.869522320506952,
      "calmar_ratio": -0.9741742610931396,
      "max_drawdown": -1.0,
      "win_rate": 0.2637298091042584,
      "profit_factor": 0.16945645213127136,
      "avg_return": -0.014159954153001308,
      "volatility": 0.348155068931633,
      "total_return": -1.0
    }
  }
}