{
  "catboost": {
    "regression": {
      "rmse": 0.029810633742968367,
      "mae": 0.023194109590660185,
      "r2": -0.881598478470325,
      "direction_accuracy": 0.44493392070484583
    },
    "financial": {
      "model": "catboost",
      "sharpe_ratio": -10.770255383744589,
      "sortino_ratio": -13.94671968659277,
      "calmar_ratio": -0.9350383934008877,
      "max_drawdown": -1.0,
      "win_rate": 0.2889867841409692,
      "profit_factor": 0.16658275184273857,
      "avg_return": -0.01066340443968892,
      "volatility": 0.2513568919533253,
      "total_return": -0.9999999999999999
    }
  },
  "extratrees": {
    "regression": {
      "rmse": 0.03302828877749701,
      "mae": 0.026402428367579174,
      "r2": -1.3097058902825092,
      "direction_accuracy": 0.413215859030837
    },
    "financial": {
      "model": "extratrees",
      "sharpe_ratio": -15.123813921093497,
      "sortino_ratio": -18.94045661259316,
      "calmar_ratio": -0.982927002730812,
      "max_drawdown": -1.0,
      "win_rate": 0.1920704845814978,
      "profit_factor": 0.07545167718859272,
      "avg_return": -0.015879518812285942,
      "volatility": 0.2659143230456569,
      "total_return": -1.0
    }
  },
  "lasso": {
    "regression": {
      "rmse": 0.02297519909183825,
      "mae": 0.016615129849929744,
      "r2": -0.11764300044303089,
      "direction_accuracy": 0.5389133627019089
    },
    "financial": {
      "model": "lasso",
      "sharpe_ratio": -3.78315964289501,
      "sortino_ratio": -3.224718317745466,
      "calmar_ratio": -0.30519117272967317,
      "max_drawdown": -0.9998080722184636,
      "win_rate": 0.6637298091042585,
      "profit_factor": 0.4557771668058517,
      "avg_return": -0.001423468501311764,
      "volatility": 0.10010522898281901,
      "total_return": -0.9926920755878726
    }
  },
  "lightgbm": {
    "regression": {
      "rmse": 0.02939997060166996,
      "mae": 0.023032153209555425,
      "r2": -0.8301147780685856,
      "direction_accuracy": 0.43612334801762115
    },
    "financial": {
      "model": "lightgbm",
      "sharpe_ratio": -10.008626720173444,
      "sortino_ratio": -14.128839835326346,
      "calmar_ratio": -0.925304264396834,
      "max_drawdown": -0.9999999999999994,
      "win_rate": 0.2669603524229075,
      "profit_factor": 0.1987304035646044,
      "avg_return": -0.010110597664130768,
      "volatility": 0.2565657290610248,
      "total_return": -0.9999999999999994
    }
  },
  "randomforest": {
    "regression": {
      "rmse": 0.03564766760901037,
      "mae": 0.028259950447618153,
      "r2": -1.6905853612574813,
      "direction_accuracy": 0.41644640234948604
    },
    "financial": {
      "model": "randomforest",
      "sharpe_ratio": -15.319553450345474,
      "sortino_ratio": -17.902533327341732,
      "calmar_ratio": -0.9915058288045793,
      "max_drawdown": -1.0,
      "win_rate": 0.16505139500734214,
      "profit_factor": 0.061874335432255165,
      "avg_return": -0.018553788083558693,
      "volatility": 0.3065072759644245,
      "total_return": -1.0
    }
  },
  "ridge": {
    "regression": {
      "rmse": 0.04167153388021877,
      "mae": 0.028349306942647014,
      "r2": -2.676744986449746,
      "direction_accuracy": 0.4390602055800294
    },
    "financial": {
      "model": "ridge",
      "sharpe_ratio": -6.937466378875319,
      "sortino_ratio": -6.651805152433503,
      "calmar_ratio": -0.9736446565555744,
      "max_drawdown": -1.0,
      "win_rate": 0.32481644640234947,
      "profit_factor": 0.1610063839702398,
      "avg_return": -0.013792222891350212,
      "volatility": 0.5038785022821193,
      "total_return": -1.0
    }
  },
  "xgboost": {
    "regression": {
      "rmse": 0.034379066786934406,
      "mae": 0.026779498224810194,
      "r2": -1.5024920299745714,
      "direction_accuracy": 0.4452276064610866
    },
    "financial": {
      "model": "xgboost",
      "sharpe_ratio": -10.221969298812338,
      "sortino_ratio": -12.711644542513596,
      "calmar_ratio": -0.9741509556770325,
      "max_drawdown": -1.0,
      "win_rate": 0.2669603524229075,
      "profit_factor": 0.1716984063386917,
      "avg_return": -0.01415247656404972,
      "volatility": 0.3508545319929915,
      "total_return": -1.0
    }
  }
}