{
  "version": "2.0.0",
  "training_date": "2026-04-11T12:50:41.004364",
  "metrics": {
    "test_rmse": 0.01964450715377515,
    "test_mae": 0.014726247634728603,
    "test_r2": 0.0010793654891336768,
    "training_time": 3.436086416244507,
    "n_samples": 4037,
    "n_features": 10
  }
}